Nomor laporan,Kategori,Lat,Lng,Kelurahan,Kecamatan,Kota,Provinsi,Day
1054110,Kaki Lima Liar,-6.185351,106.811127,Kampung Bali,Tanah Abang,Jakarta Pusat,DAERAH KHUSUS IBUKOTA JAKARTA,Tuesday
1054396,Kaki Lima Liar,-6.162512,106.842819,Kemayoran,Kemayoran,Jakarta Pusat,DAERAH KHUSUS IBUKOTA JAKARTA,Tuesday
1054476,Kaki Lima Liar,-6.188134,106.815315,Kampung Bali,Tanah Abang,Jakarta Pusat,DAERAH KHUSUS IBUKOTA JAKARTA,Tuesday
1054543,Kaki Lima Liar,-6.162954,106.841171,Kemayoran,Kemayoran,Jakarta Pusat,DAERAH KHUSUS IBUKOTA JAKARTA,Tuesday
1054801,Kaki Lima Liar,-6.172422,106.81102,Cideng,Gambir,Jakarta Pusat,DAERAH KHUSUS IBUKOTA JAKARTA,Wednesday
1055722,Kaki Lima Liar,-6.168889,106.842781,Gunung Sahari Selatan,Kemayoran,Jakarta Pusat,DAERAH KHUSUS IBUKOTA JAKARTA,Thursday
1055802,Kaki Lima Liar,-6.194771,106.814705,Kebon Melati,Tanah Abang,Jakarta Pusat,DAERAH KHUSUS IBUKOTA JAKARTA,Thursday
1056688,Kaki Lima Liar,-6.176225,106.872772,Cempaka Putih Timur,Cempaka Putih,Jakarta Pusat,DAERAH KHUSUS IBUKOTA JAKARTA,Friday
1057507,Kaki Lima Liar,-6.200277,106.815094,Kebon Melati,Tanah Abang,Jakarta Pusat,DAERAH KHUSUS IBUKOTA JAKARTA,Saturday
1057526,Kaki Lima Liar,-6.210518,106.798592,Gelora,Tanah Abang,Jakarta Pusat,DAERAH KHUSUS IBUKOTA JAKARTA,Saturday
1057588,Kaki Lima Liar,-6.19675,106.840385,Cikini,Menteng,Jakarta Pusat,DAERAH KHUSUS IBUKOTA JAKARTA,Saturday
1058698,Kaki Lima Liar,-6.184036,106.856003,Johar Baru,Johar Baru,Jakarta Pusat,DAERAH KHUSUS IBUKOTA JAKARTA,Monday
1061354,Kaki Lima Liar,-6.161674,106.866081,Sumur Batu,Kemayoran,Jakarta Pusat,DAERAH KHUSUS IBUKOTA JAKARTA,Friday
1061355,Kaki Lima Liar,-6.161918,106.865997,Sumur Batu,Kemayoran,Jakarta Pusat,DAERAH KHUSUS IBUKOTA JAKARTA,Friday
1061356,Kaki Lima Liar,-6.162177,106.865868,Sumur Batu,Kemayoran,Jakarta Pusat,DAERAH KHUSUS IBUKOTA JAKARTA,Friday
1061359,Kaki Lima Liar,-6.162229,106.865814,Sumur Batu,Kemayoran,Jakarta Pusat,DAERAH KHUSUS IBUKOTA JAKARTA,Friday
1061363,Kaki Lima Liar,-6.162708,106.865623,Sumur Batu,Kemayoran,Jakarta Pusat,DAERAH KHUSUS IBUKOTA JAKARTA,Friday
1061366,Kaki Lima Liar,-6.162849,106.865555,Sumur Batu,Kemayoran,Jakarta Pusat,DAERAH KHUSUS IBUKOTA JAKARTA,Friday
1061368,Kaki Lima Liar,-6.16306,106.86544,Sumur Batu,Kemayoran,Jakarta Pusat,DAERAH KHUSUS IBUKOTA JAKARTA,Friday
1061371,Kaki Lima Liar,-6.163394,106.865311,Sumur Batu,Kemayoran,Jakarta Pusat,DAERAH KHUSUS IBUKOTA JAKARTA,Friday
1061373,Kaki Lima Liar,-6.16349,106.865311,Sumur Batu,Kemayoran,Jakarta Pusat,DAERAH KHUSUS IBUKOTA JAKARTA,Friday
1061375,Kaki Lima Liar,-6.163597,106.865211,Sumur Batu,Kemayoran,Jakarta Pusat,DAERAH KHUSUS IBUKOTA JAKARTA,Friday
1061396,Kaki Lima Liar,-6.163463,106.869766,Sumur Batu,Kemayoran,Jakarta Pusat,DAERAH KHUSUS IBUKOTA JAKARTA,Friday
1061398,Kaki Lima Liar,-6.163782,106.870293,Sumur Batu,Kemayoran,Jakarta Pusat,DAERAH KHUSUS IBUKOTA JAKARTA,Friday
1061401,Kaki Lima Liar,-6.164958,106.872223,Sumur Batu,Kemayoran,Jakarta Pusat,DAERAH KHUSUS IBUKOTA JAKARTA,Friday
1061405,Kaki Lima Liar,-6.165999,106.872581,Sumur Batu,Kemayoran,Jakarta Pusat,DAERAH KHUSUS IBUKOTA JAKARTA,Friday
1061413,Kaki Lima Liar,-6.166646,106.872826,Sumur Batu,Kemayoran,Jakarta Pusat,DAERAH KHUSUS IBUKOTA JAKARTA,Friday
1061488,Kaki Lima Liar,-6.199722,106.845276,Pegangsaan,Menteng,Jakarta Pusat,DAERAH KHUSUS IBUKOTA JAKARTA,Friday
1062111,Kaki Lima Liar,-6.216895,106.798134,Gelora,Tanah Abang,Jakarta Pusat,DAERAH KHUSUS IBUKOTA JAKARTA,Saturday
1062114,Kaki Lima Liar,-6.218143,106.798218,Gelora,Tanah Abang,Jakarta Pusat,DAERAH KHUSUS IBUKOTA JAKARTA,Saturday
1062632,Kaki Lima Liar,-6.184101,106.812424,Kampung Bali,Tanah Abang,Jakarta Pusat,DAERAH KHUSUS IBUKOTA JAKARTA,Sunday
1064528,Kaki Lima Liar,-6.162451,106.865852,Sumur Batu,Kemayoran,Jakarta Pusat,DAERAH KHUSUS IBUKOTA JAKARTA,Thursday
1065210,Kaki Lima Liar,-6.194591,106.819946,Kebon Kacang,Tanah Abang,Jakarta Pusat,DAERAH KHUSUS IBUKOTA JAKARTA,Friday
1066709,Kaki Lima Liar,-6.16305,106.844742,Kemayoran,Kemayoran,Jakarta Pusat,DAERAH KHUSUS IBUKOTA JAKARTA,Monday
1066714,Kaki Lima Liar,-6.161986,106.844406,Kemayoran,Kemayoran,Jakarta Pusat,DAERAH KHUSUS IBUKOTA JAKARTA,Monday
1066718,Kaki Lima Liar,-6.161907,106.844391,Kemayoran,Kemayoran,Jakarta Pusat,DAERAH KHUSUS IBUKOTA JAKARTA,Monday
1066720,Kaki Lima Liar,-6.162006,106.844254,Kemayoran,Kemayoran,Jakarta Pusat,DAERAH KHUSUS IBUKOTA JAKARTA,Monday
1066722,Kaki Lima Liar,-6.162086,106.843948,Kemayoran,Kemayoran,Jakarta Pusat,DAERAH KHUSUS IBUKOTA JAKARTA,Monday
1066725,Kaki Lima Liar,-6.162125,106.843788,Kemayoran,Kemayoran,Jakarta Pusat,DAERAH KHUSUS IBUKOTA JAKARTA,Monday
1066726,Kaki Lima Liar,-6.162216,106.843674,Kemayoran,Kemayoran,Jakarta Pusat,DAERAH KHUSUS IBUKOTA JAKARTA,Monday
1066727,Kaki Lima Liar,-6.162224,106.843491,Kemayoran,Kemayoran,Jakarta Pusat,DAERAH KHUSUS IBUKOTA JAKARTA,Monday
1066728,Kaki Lima Liar,-6.162225,106.84346,Kemayoran,Kemayoran,Jakarta Pusat,DAERAH KHUSUS IBUKOTA JAKARTA,Monday
1066729,Kaki Lima Liar,-6.162203,106.843323,Kemayoran,Kemayoran,Jakarta Pusat,DAERAH KHUSUS IBUKOTA JAKARTA,Monday
1066733,Kaki Lima Liar,-6.162314,106.843353,Kemayoran,Kemayoran,Jakarta Pusat,DAERAH KHUSUS IBUKOTA JAKARTA,Monday
1066907,Kaki Lima Liar,-6.194705,106.81987,Kebon Kacang,Tanah Abang,Jakarta Pusat,DAERAH KHUSUS IBUKOTA JAKARTA,Monday
1067167,Kaki Lima Liar,-6.163348,106.83287,Pasar Baru,Sawah Besar,Jakarta Pusat,DAERAH KHUSUS IBUKOTA JAKARTA,Tuesday
1067466,Kaki Lima Liar,-6.194692,106.820023,Kebon Melati,Tanah Abang,Jakarta Pusat,DAERAH KHUSUS IBUKOTA JAKARTA,Wednesday
1068730,Kaki Lima Liar,-6.184985,106.825111,Kebon Sirih,Menteng,Jakarta Pusat,DAERAH KHUSUS IBUKOTA JAKARTA,Friday
1068875,Kaki Lima Liar,-6.18733,106.817139,Kampung Bali,Tanah Abang,Jakarta Pusat,DAERAH KHUSUS IBUKOTA JAKARTA,Friday
1069065,Kaki Lima Liar,-6.19391,106.821259,Gondangdia,Menteng,Jakarta Pusat,DAERAH KHUSUS IBUKOTA JAKARTA,Friday
1069143,Kaki Lima Liar,-6.184793,106.811142,Kampung Bali,Tanah Abang,Jakarta Pusat,DAERAH KHUSUS IBUKOTA JAKARTA,Saturday
1069277,Kaki Lima Liar,-6.188443,106.812691,Kampung Bali,Tanah Abang,Jakarta Pusat,DAERAH KHUSUS IBUKOTA JAKARTA,Saturday
1069360,Kaki Lima Liar,-6.170255,106.803932,Cideng,Gambir,Jakarta Pusat,DAERAH KHUSUS IBUKOTA JAKARTA,Saturday
1071200,Kaki Lima Liar,-6.169219,106.870705,Cempaka Putih Timur,Cempaka Putih,Jakarta Pusat,DAERAH KHUSUS IBUKOTA JAKARTA,Wednesday
1071203,Kaki Lima Liar,-6.169754,106.870995,Cempaka Putih Timur,Cempaka Putih,Jakarta Pusat,DAERAH KHUSUS IBUKOTA JAKARTA,Wednesday
1071642,Kaki Lima Liar,-6.140083,106.822548,Mangga Dua Selatan,Sawah Besar,Jakarta Pusat,DAERAH KHUSUS IBUKOTA JAKARTA,Thursday
1071643,Kaki Lima Liar,-6.139723,106.822464,Mangga Dua Selatan,Sawah Besar,Jakarta Pusat,DAERAH KHUSUS IBUKOTA JAKARTA,Thursday
1072086,Kaki Lima Liar,-6.187367,106.825882,Gondangdia,Menteng,Jakarta Pusat,DAERAH KHUSUS IBUKOTA JAKARTA,Friday
1072101,Kaki Lima Liar,-6.205778,106.816628,Karet Tengsin,Tanah Abang,Jakarta Pusat,DAERAH KHUSUS IBUKOTA JAKARTA,Friday
1072638,Kaki Lima Liar,-6.217346,106.798172,Gelora,Tanah Abang,Jakarta Pusat,DAERAH KHUSUS IBUKOTA JAKARTA,Saturday
1072867,Kaki Lima Liar,-6.168148,106.830383,Pasar Baru,Sawah Besar,Jakarta Pusat,DAERAH KHUSUS IBUKOTA JAKARTA,Sunday
1073064,Kaki Lima Liar,-6.167683,106.828514,Kebon Kelapa,Gambir,Jakarta Pusat,DAERAH KHUSUS IBUKOTA JAKARTA,Sunday
1073822,Kaki Lima Liar,-6.187238,106.825867,Gondangdia,Menteng,Jakarta Pusat,DAERAH KHUSUS IBUKOTA JAKARTA,Tuesday
1074327,Kaki Lima Liar,-6.187054,106.875221,Cempaka Putih Timur,Cempaka Putih,Jakarta Pusat,DAERAH KHUSUS IBUKOTA JAKARTA,Wednesday
1074449,Kaki Lima Liar,-6.21632,106.815971,Bendungan Hilir,Tanah Abang,Jakarta Pusat,DAERAH KHUSUS IBUKOTA JAKARTA,Wednesday
1074480,Kaki Lima Liar,-6.187002,106.830421,Kebon Sirih,Menteng,Jakarta Pusat,DAERAH KHUSUS IBUKOTA JAKARTA,Wednesday
1074481,Kaki Lima Liar,-6.186944,106.830208,Kebon Sirih,Menteng,Jakarta Pusat,DAERAH KHUSUS IBUKOTA JAKARTA,Wednesday
1074687,Kaki Lima Liar,-6.184926,106.811012,Kampung Bali,Tanah Abang,Jakarta Pusat,DAERAH KHUSUS IBUKOTA JAKARTA,Thursday
1074760,Kaki Lima Liar,-6.159961,106.819916,Kebon Kelapa,Gambir,Jakarta Pusat,DAERAH KHUSUS IBUKOTA JAKARTA,Thursday
1074920,Kaki Lima Liar,-6.167172,106.830498,Pasar Baru,Sawah Besar,Jakarta Pusat,DAERAH KHUSUS IBUKOTA JAKARTA,Friday
1075008,Kaki Lima Liar,-6.177624,106.817848,Petojo Selatan,Gambir,Jakarta Pusat,DAERAH KHUSUS IBUKOTA JAKARTA,Friday
1075011,Kaki Lima Liar,-6.177708,106.816772,Petojo Selatan,Gambir,Jakarta Pusat,DAERAH KHUSUS IBUKOTA JAKARTA,Friday
1075196,Kaki Lima Liar,-6.190263,106.843796,Kenari,Senen,Jakarta Pusat,DAERAH KHUSUS IBUKOTA JAKARTA,Friday
1075383,Kaki Lima Liar,-6.202756,106.84391,Menteng,Menteng,Jakarta Pusat,DAERAH KHUSUS IBUKOTA JAKARTA,Saturday
1076242,Kaki Lima Liar,-6.202863,106.844116,Menteng,Menteng,Jakarta Pusat,DAERAH KHUSUS IBUKOTA JAKARTA,Monday
1077168,Kaki Lima Liar,-6.162247,106.843628,Kemayoran,Kemayoran,Jakarta Pusat,DAERAH KHUSUS IBUKOTA JAKARTA,Tuesday
1077192,Kaki Lima Liar,-6.204543,106.799942,Gelora,Tanah Abang,Jakarta Pusat,DAERAH KHUSUS IBUKOTA JAKARTA,Tuesday
1077433,Kaki Lima Liar,-6.194579,106.820602,Kebon Melati,Tanah Abang,Jakarta Pusat,DAERAH KHUSUS IBUKOTA JAKARTA,Wednesday
1077511,Kaki Lima Liar,-6.166385,106.802322,Cideng,Gambir,Jakarta Pusat,DAERAH KHUSUS IBUKOTA JAKARTA,Wednesday
1078190,Kaki Lima Liar,-6.20275,106.8442,Menteng,Menteng,Jakarta Pusat,DAERAH KHUSUS IBUKOTA JAKARTA,Friday
1078376,Kaki Lima Liar,-6.168178,106.830299,Pasar Baru,Sawah Besar,Jakarta Pusat,DAERAH KHUSUS IBUKOTA JAKARTA,Friday
1079214,Kaki Lima Liar,-6.142487,106.83371,Gunung Sahari Utara,Sawah Besar,Jakarta Pusat,DAERAH KHUSUS IBUKOTA JAKARTA,Sunday
1079219,Kaki Lima Liar,-6.148424,106.834511,Gunung Sahari Utara,Sawah Besar,Jakarta Pusat,DAERAH KHUSUS IBUKOTA JAKARTA,Sunday
1079507,Kaki Lima Liar,-6.164143,106.829712,Pasar Baru,Sawah Besar,Jakarta Pusat,DAERAH KHUSUS IBUKOTA JAKARTA,Monday
1079611,Kaki Lima Liar,-6.162208,106.812538,Petojo Utara,Gambir,Jakarta Pusat,DAERAH KHUSUS IBUKOTA JAKARTA,Monday
1080105,Kaki Lima Liar,-6.209396,106.820999,Karet Tengsin,Tanah Abang,Jakarta Pusat,DAERAH KHUSUS IBUKOTA JAKARTA,Tuesday
1080217,Kaki Lima Liar,-6.204286,106.846527,Pegangsaan,Menteng,Jakarta Pusat,DAERAH KHUSUS IBUKOTA JAKARTA,Tuesday
1080281,Kaki Lima Liar,-6.184722,106.85611,Johar Baru,Johar Baru,Jakarta Pusat,DAERAH KHUSUS IBUKOTA JAKARTA,Tuesday
1080282,Kaki Lima Liar,-6.183761,106.856064,Johar Baru,Johar Baru,Jakarta Pusat,DAERAH KHUSUS IBUKOTA JAKARTA,Tuesday
1080283,Kaki Lima Liar,-6.184166,106.85611,Johar Baru,Johar Baru,Jakarta Pusat,DAERAH KHUSUS IBUKOTA JAKARTA,Tuesday
1080284,Kaki Lima Liar,-6.184722,106.85611,Johar Baru,Johar Baru,Jakarta Pusat,DAERAH KHUSUS IBUKOTA JAKARTA,Tuesday
1080285,Kaki Lima Liar,-6.183889,106.856392,Johar Baru,Johar Baru,Jakarta Pusat,DAERAH KHUSUS IBUKOTA JAKARTA,Tuesday
1080493,Kaki Lima Liar,-6.17004,106.871117,Cempaka Putih Timur,Cempaka Putih,Jakarta Pusat,DAERAH KHUSUS IBUKOTA JAKARTA,Wednesday
1080498,Kaki Lima Liar,-6.169307,106.870758,Cempaka Putih Timur,Cempaka Putih,Jakarta Pusat,DAERAH KHUSUS IBUKOTA JAKARTA,Wednesday
1080546,Kaki Lima Liar,-6.167568,106.8424,Kemayoran,Kemayoran,Jakarta Pusat,DAERAH KHUSUS IBUKOTA JAKARTA,Wednesday
1080548,Kaki Lima Liar,-6.167714,106.8424,Kemayoran,Kemayoran,Jakarta Pusat,DAERAH KHUSUS IBUKOTA JAKARTA,Wednesday
1080605,Kaki Lima Liar,-6.191869,106.841682,Cikini,Menteng,Jakarta Pusat,DAERAH KHUSUS IBUKOTA JAKARTA,Wednesday
1080925,Kaki Lima Liar,-6.187438,106.817192,Kampung Bali,Tanah Abang,Jakarta Pusat,DAERAH KHUSUS IBUKOTA JAKARTA,Thursday
1081205,Kaki Lima Liar,-6.185885,106.856079,Johar Baru,Johar Baru,Jakarta Pusat,DAERAH KHUSUS IBUKOTA JAKARTA,Thursday
1082563,Kaki Lima Liar,-6.16228,106.843262,Kemayoran,Kemayoran,Jakarta Pusat,DAERAH KHUSUS IBUKOTA JAKARTA,Saturday
1082565,Kaki Lima Liar,-6.162179,106.843216,Gunung Sahari Selatan,Kemayoran,Jakarta Pusat,DAERAH KHUSUS IBUKOTA JAKARTA,Saturday
1082567,Kaki Lima Liar,-6.162244,106.84317,Kemayoran,Kemayoran,Jakarta Pusat,DAERAH KHUSUS IBUKOTA JAKARTA,Saturday
1082569,Kaki Lima Liar,-6.162429,106.842621,Kemayoran,Kemayoran,Jakarta Pusat,DAERAH KHUSUS IBUKOTA JAKARTA,Saturday
1082701,Kaki Lima Liar,-6.186692,106.823235,Gondangdia,Menteng,Jakarta Pusat,DAERAH KHUSUS IBUKOTA JAKARTA,Saturday
1083491,Kaki Lima Liar,-6.162604,106.812569,Petojo Utara,Gambir,Jakarta Pusat,DAERAH KHUSUS IBUKOTA JAKARTA,Monday
1083494,Kaki Lima Liar,-6.163003,106.812607,Petojo Utara,Gambir,Jakarta Pusat,DAERAH KHUSUS IBUKOTA JAKARTA,Monday
1083631,Kaki Lima Liar,-6.191363,106.842857,Cikini,Menteng,Jakarta Pusat,DAERAH KHUSUS IBUKOTA JAKARTA,Monday
1084706,Kaki Lima Liar,-6.198066,106.852539,Paseban,Senen,Jakarta Pusat,DAERAH KHUSUS IBUKOTA JAKARTA,Wednesday
1086251,Kaki Lima Liar,-6.180987,106.854599,Kampung Rawa,Johar Baru,Jakarta Pusat,DAERAH KHUSUS IBUKOTA JAKARTA,Monday
1086504,Kaki Lima Liar,-6.188375,106.836098,Cikini,Menteng,Jakarta Pusat,DAERAH KHUSUS IBUKOTA JAKARTA,Monday
1086748,Kaki Lima Liar,-6.195487,106.841408,Cikini,Menteng,Jakarta Pusat,DAERAH KHUSUS IBUKOTA JAKARTA,Monday
1087192,Kaki Lima Liar,-6.162081,106.843987,Kemayoran,Kemayoran,Jakarta Pusat,DAERAH KHUSUS IBUKOTA JAKARTA,Tuesday
1087230,Kaki Lima Liar,-6.164605,106.819382,Petojo Utara,Gambir,Jakarta Pusat,DAERAH KHUSUS IBUKOTA JAKARTA,Tuesday
1087424,Kaki Lima Liar,-6.141992,106.847351,Gunung Sahari Utara,Sawah Besar,Jakarta Pusat,DAERAH KHUSUS IBUKOTA JAKARTA,Wednesday
1088003,Kaki Lima Liar,-6.166485,106.831421,Pasar Baru,Sawah Besar,Jakarta Pusat,DAERAH KHUSUS IBUKOTA JAKARTA,Thursday
1088556,Kaki Lima Liar,-6.156463,106.852402,Kebon Kosong,Kemayoran,Jakarta Pusat,DAERAH KHUSUS IBUKOTA JAKARTA,Friday
1088641,Kaki Lima Liar,-6.183723,106.856201,Johar Baru,Johar Baru,Jakarta Pusat,DAERAH KHUSUS IBUKOTA JAKARTA,Friday
1088643,Kaki Lima Liar,-6.183809,106.856148,Johar Baru,Johar Baru,Jakarta Pusat,DAERAH KHUSUS IBUKOTA JAKARTA,Friday
1088761,Kaki Lima Liar,-6.159722,106.833885,Pasar Baru,Sawah Besar,Jakarta Pusat,DAERAH KHUSUS IBUKOTA JAKARTA,Saturday
1089603,Kaki Lima Liar,-6.186977,106.821686,Kampung Bali,Tanah Abang,Jakarta Pusat,DAERAH KHUSUS IBUKOTA JAKARTA,Monday
1090051,Kaki Lima Liar,-6.194061,106.81459,Kebon Melati,Tanah Abang,Jakarta Pusat,DAERAH KHUSUS IBUKOTA JAKARTA,Tuesday
1090053,Kaki Lima Liar,-6.194061,106.81459,Kebon Melati,Tanah Abang,Jakarta Pusat,DAERAH KHUSUS IBUKOTA JAKARTA,Tuesday
1090057,Kaki Lima Liar,-6.197814,106.814522,Kebon Melati,Tanah Abang,Jakarta Pusat,DAERAH KHUSUS IBUKOTA JAKARTA,Tuesday
1090058,Kaki Lima Liar,-6.197814,106.814522,Kebon Melati,Tanah Abang,Jakarta Pusat,DAERAH KHUSUS IBUKOTA JAKARTA,Tuesday
1090068,Kaki Lima Liar,-6.20309,106.80777,Bendungan Hilir,Tanah Abang,Jakarta Pusat,DAERAH KHUSUS IBUKOTA JAKARTA,Tuesday
1090070,Kaki Lima Liar,-6.20428,106.808784,Bendungan Hilir,Tanah Abang,Jakarta Pusat,DAERAH KHUSUS IBUKOTA JAKARTA,Tuesday
1090077,Kaki Lima Liar,-6.206705,106.810593,Bendungan Hilir,Tanah Abang,Jakarta Pusat,DAERAH KHUSUS IBUKOTA JAKARTA,Tuesday
1090082,Kaki Lima Liar,-6.207386,106.81089,Bendungan Hilir,Tanah Abang,Jakarta Pusat,DAERAH KHUSUS IBUKOTA JAKARTA,Tuesday
1090083,Kaki Lima Liar,-6.207807,106.81131,Bendungan Hilir,Tanah Abang,Jakarta Pusat,DAERAH KHUSUS IBUKOTA JAKARTA,Tuesday
1090084,Kaki Lima Liar,-6.208211,106.811722,Bendungan Hilir,Tanah Abang,Jakarta Pusat,DAERAH KHUSUS IBUKOTA JAKARTA,Tuesday
1090227,Kaki Lima Liar,-6.197487,106.814201,Kebon Melati,Tanah Abang,Jakarta Pusat,DAERAH KHUSUS IBUKOTA JAKARTA,Tuesday
1090239,Kaki Lima Liar,-6.190813,106.81485,Kebon Kacang,Tanah Abang,Jakarta Pusat,DAERAH KHUSUS IBUKOTA JAKARTA,Tuesday
1090242,Kaki Lima Liar,-6.190813,106.81485,Kebon Kacang,Tanah Abang,Jakarta Pusat,DAERAH KHUSUS IBUKOTA JAKARTA,Tuesday
1090270,Kaki Lima Liar,-6.208259,106.811432,Bendungan Hilir,Tanah Abang,Jakarta Pusat,DAERAH KHUSUS IBUKOTA JAKARTA,Tuesday
1091728,Kaki Lima Liar,-6.199268,106.802589,Petamburan,Tanah Abang,Jakarta Pusat,DAERAH KHUSUS IBUKOTA JAKARTA,Friday
1092713,Kaki Lima Liar,-6.162587,106.880661,Sumur Batu,Kemayoran,Jakarta Pusat,DAERAH KHUSUS IBUKOTA JAKARTA,Monday
1092714,Kaki Lima Liar,-6.162523,106.880905,Sumur Batu,Kemayoran,Jakarta Pusat,DAERAH KHUSUS IBUKOTA JAKARTA,Monday
1092763,Kaki Lima Liar,-6.171435,106.809204,Cideng,Gambir,Jakarta Pusat,DAERAH KHUSUS IBUKOTA JAKARTA,Monday
1093028,Kaki Lima Liar,-6.190612,106.81517,Kebon Kacang,Tanah Abang,Jakarta Pusat,DAERAH KHUSUS IBUKOTA JAKARTA,Tuesday
1094447,Kaki Lima Liar,-6.188611,106.811943,Kampung Bali,Tanah Abang,Jakarta Pusat,DAERAH KHUSUS IBUKOTA JAKARTA,Saturday
1094662,Kaki Lima Liar,-6.153421,106.857674,Kebon Kosong,Kemayoran,Jakarta Pusat,DAERAH KHUSUS IBUKOTA JAKARTA,Sunday
1095357,Kaki Lima Liar,-6.204837,106.799583,Gelora,Tanah Abang,Jakarta Pusat,DAERAH KHUSUS IBUKOTA JAKARTA,Monday
1096165,Kaki Lima Liar,-6.204009,106.797241,Gelora,Tanah Abang,Jakarta Pusat,DAERAH KHUSUS IBUKOTA JAKARTA,Thursday
1096492,Kaki Lima Liar,-6.219137,106.798386,Gelora,Tanah Abang,Jakarta Pusat,DAERAH KHUSUS IBUKOTA JAKARTA,Friday
1096853,Kaki Lima Liar,-6.160174,106.819412,Kebon Kelapa,Gambir,Jakarta Pusat,DAERAH KHUSUS IBUKOTA JAKARTA,Saturday
1098199,Kaki Lima Liar,-6.167998,106.808189,Cideng,Gambir,Jakarta Pusat,DAERAH KHUSUS IBUKOTA JAKARTA,Thursday
1098976,Kaki Lima Liar,-6.162235,106.83075,Pasar Baru,Sawah Besar,Jakarta Pusat,DAERAH KHUSUS IBUKOTA JAKARTA,Saturday
1098978,Kaki Lima Liar,-6.16218,106.829468,Pasar Baru,Sawah Besar,Jakarta Pusat,DAERAH KHUSUS IBUKOTA JAKARTA,Saturday
1100286,Kaki Lima Liar,-6.169394,106.808372,Cideng,Gambir,Jakarta Pusat,DAERAH KHUSUS IBUKOTA JAKARTA,Tuesday
1100289,Kaki Lima Liar,-6.168252,106.808289,Cideng,Gambir,Jakarta Pusat,DAERAH KHUSUS IBUKOTA JAKARTA,Tuesday
1100308,Kaki Lima Liar,-6.169589,106.808273,Cideng,Gambir,Jakarta Pusat,DAERAH KHUSUS IBUKOTA JAKARTA,Tuesday
1100755,Kaki Lima Liar,-6.186993,106.870262,Rawasari,Cempaka Putih,Jakarta Pusat,DAERAH KHUSUS IBUKOTA JAKARTA,Wednesday
1101550,Kaki Lima Liar,-6.199488,106.845284,Pegangsaan,Menteng,Jakarta Pusat,DAERAH KHUSUS IBUKOTA JAKARTA,Friday
1101563,Kaki Lima Liar,-6.196269,106.858383,Rawasari,Cempaka Putih,Jakarta Pusat,DAERAH KHUSUS IBUKOTA JAKARTA,Friday
1103115,Kaki Lima Liar,-6.169627,106.832764,Pasar Baru,Sawah Besar,Jakarta Pusat,DAERAH KHUSUS IBUKOTA JAKARTA,Wednesday
1103457,Kaki Lima Liar,-6.159167,106.832497,Pasar Baru,Sawah Besar,Jakarta Pusat,DAERAH KHUSUS IBUKOTA JAKARTA,Thursday
1103735,Kaki Lima Liar,-6.183807,106.856026,Johar Baru,Johar Baru,Jakarta Pusat,DAERAH KHUSUS IBUKOTA JAKARTA,Friday
1103865,Kaki Lima Liar,-6.226389,106.803329,Gelora,Tanah Abang,Jakarta Pusat,DAERAH KHUSUS IBUKOTA JAKARTA,Friday
1104919,Kaki Lima Liar,-6.162912,106.812599,Petojo Utara,Gambir,Jakarta Pusat,DAERAH KHUSUS IBUKOTA JAKARTA,Monday
1105200,Kaki Lima Liar,-6.198013,106.803551,Petamburan,Tanah Abang,Jakarta Pusat,DAERAH KHUSUS IBUKOTA JAKARTA,Tuesday
1105203,Kaki Lima Liar,-6.199348,106.802368,Petamburan,Tanah Abang,Jakarta Pusat,DAERAH KHUSUS IBUKOTA JAKARTA,Tuesday
1105417,Kaki Lima Liar,-6.169432,106.808365,Cideng,Gambir,Jakarta Pusat,DAERAH KHUSUS IBUKOTA JAKARTA,Wednesday
1105513,Kaki Lima Liar,-6.161515,106.845528,Kemayoran,Kemayoran,Jakarta Pusat,DAERAH KHUSUS IBUKOTA JAKARTA,Wednesday
1105514,Kaki Lima Liar,-6.161597,106.845497,Kemayoran,Kemayoran,Jakarta Pusat,DAERAH KHUSUS IBUKOTA JAKARTA,Wednesday
1106156,Kaki Lima Liar,-6.161829,106.819405,Petojo Utara,Gambir,Jakarta Pusat,DAERAH KHUSUS IBUKOTA JAKARTA,Friday
1106196,Kaki Lima Liar,-6.207018,106.808693,Bendungan Hilir,Tanah Abang,Jakarta Pusat,DAERAH KHUSUS IBUKOTA JAKARTA,Friday
1106197,Kaki Lima Liar,-6.207018,106.808693,Bendungan Hilir,Tanah Abang,Jakarta Pusat,DAERAH KHUSUS IBUKOTA JAKARTA,Friday
1106978,Kaki Lima Liar,-6.218122,106.798111,Gelora,Tanah Abang,Jakarta Pusat,DAERAH KHUSUS IBUKOTA JAKARTA,Sunday
1107201,Kaki Lima Liar,-6.20658,106.80938,Bendungan Hilir,Tanah Abang,Jakarta Pusat,DAERAH KHUSUS IBUKOTA JAKARTA,Monday
1053921,Parkir Liar,-6.169098,106.853172,Utan Panjang,Kemayoran,Jakarta Pusat,DAERAH KHUSUS IBUKOTA JAKARTA,Friday
1054260,Parkir Liar,-6.202904,106.841766,Menteng,Menteng,Jakarta Pusat,DAERAH KHUSUS IBUKOTA JAKARTA,Friday
1054499,Parkir Liar,-6.179786,106.83857,Senen,Senen,Jakarta Pusat,DAERAH KHUSUS IBUKOTA JAKARTA,Friday
1055646,Parkir Liar,-6.201128,106.815598,Kebon Melati,Tanah Abang,Jakarta Pusat,DAERAH KHUSUS IBUKOTA JAKARTA,Wednesday
1055783,Parkir Liar,-6.189372,106.837479,Cikini,Menteng,Jakarta Pusat,DAERAH KHUSUS IBUKOTA JAKARTA,Wednesday
1056358,Parkir Liar,-6.176213,106.832054,Gambir,Gambir,Jakarta Pusat,DAERAH KHUSUS IBUKOTA JAKARTA,Saturday
1056360,Parkir Liar,-6.171232,106.826866,Gambir,Gambir,Jakarta Pusat,DAERAH KHUSUS IBUKOTA JAKARTA,Saturday
1056381,Parkir Liar,-6.165228,106.817146,Petojo Utara,Gambir,Jakarta Pusat,DAERAH KHUSUS IBUKOTA JAKARTA,Saturday
1057258,Parkir Liar,-6.18639,106.815369,Kampung Bali,Tanah Abang,Jakarta Pusat,DAERAH KHUSUS IBUKOTA JAKARTA,Monday
1059937,Parkir Liar,-6.203767,106.801102,Petamburan,Tanah Abang,Jakarta Pusat,DAERAH KHUSUS IBUKOTA JAKARTA,Friday
1059968,Parkir Liar,-6.182776,106.829514,Kebon Sirih,Menteng,Jakarta Pusat,DAERAH KHUSUS IBUKOTA JAKARTA,Friday
1060089,Parkir Liar,-6.201184,106.808586,Bendungan Hilir,Tanah Abang,Jakarta Pusat,DAERAH KHUSUS IBUKOTA JAKARTA,Friday
1060126,Parkir Liar,-6.202297,106.824036,Menteng,Menteng,Jakarta Pusat,DAERAH KHUSUS IBUKOTA JAKARTA,Friday
1061269,Parkir Liar,-6.173352,106.865799,Cempaka Putih Timur,Cempaka Putih,Jakarta Pusat,DAERAH KHUSUS IBUKOTA JAKARTA,Monday
1061338,Parkir Liar,-6.170979,106.819855,Petojo Selatan,Gambir,Jakarta Pusat,DAERAH KHUSUS IBUKOTA JAKARTA,Friday
1061344,Parkir Liar,-6.17093,106.819839,Petojo Selatan,Gambir,Jakarta Pusat,DAERAH KHUSUS IBUKOTA JAKARTA,Friday
1061397,Parkir Liar,-6.168308,106.838188,Pasar Baru,Sawah Besar,Jakarta Pusat,DAERAH KHUSUS IBUKOTA JAKARTA,Friday
1062113,Parkir Liar,-6.216421,106.79808,Gelora,Tanah Abang,Jakarta Pusat,DAERAH KHUSUS IBUKOTA JAKARTA,Saturday
1062453,Parkir Liar,-6.20671,106.805237,Bendungan Hilir,Tanah Abang,Jakarta Pusat,DAERAH KHUSUS IBUKOTA JAKARTA,Sunday
1062623,Parkir Liar,-6.216472,106.798058,Gelora,Tanah Abang,Jakarta Pusat,DAERAH KHUSUS IBUKOTA JAKARTA,Sunday
1064351,Parkir Liar,-6.188477,106.856674,Johar Baru,Johar Baru,Jakarta Pusat,DAERAH KHUSUS IBUKOTA JAKARTA,Thursday
1065131,Parkir Liar,-6.165741,106.820473,Kebon Kelapa,Gambir,Jakarta Pusat,DAERAH KHUSUS IBUKOTA JAKARTA,Friday
1066348,Parkir Liar,-6.194237,106.849991,Paseban,Senen,Jakarta Pusat,DAERAH KHUSUS IBUKOTA JAKARTA,Sunday
1066618,Parkir Liar,-6.199553,106.828102,Menteng,Menteng,Jakarta Pusat,DAERAH KHUSUS IBUKOTA JAKARTA,Monday
1066713,Parkir Liar,-6.161948,106.844452,Kemayoran,Kemayoran,Jakarta Pusat,DAERAH KHUSUS IBUKOTA JAKARTA,Monday
1066719,Parkir Liar,-6.161992,106.844368,Kemayoran,Kemayoran,Jakarta Pusat,DAERAH KHUSUS IBUKOTA JAKARTA,Monday
1066777,Parkir Liar,-6.168229,106.841629,Gunung Sahari Selatan,Kemayoran,Jakarta Pusat,DAERAH KHUSUS IBUKOTA JAKARTA,Monday
1067162,Parkir Liar,-6.163228,106.832664,Pasar Baru,Sawah Besar,Jakarta Pusat,DAERAH KHUSUS IBUKOTA JAKARTA,Tuesday
1067588,Parkir Liar,-6.180513,106.868011,Cempaka Putih Timur,Cempaka Putih,Jakarta Pusat,DAERAH KHUSUS IBUKOTA JAKARTA,Wednesday
1067841,Parkir Liar,-6.162847,106.810837,Petojo Utara,Gambir,Jakarta Pusat,DAERAH KHUSUS IBUKOTA JAKARTA,Wednesday
1068885,Parkir Liar,-6.16782,106.810844,Petojo Selatan,Gambir,Jakarta Pusat,DAERAH KHUSUS IBUKOTA JAKARTA,Friday
1069415,Parkir Liar,-6.17302,106.85437,Harapan Mulya,Kemayoran,Jakarta Pusat,DAERAH KHUSUS IBUKOTA JAKARTA,Saturday
1070674,Parkir Liar,-6.162893,106.812599,Petojo Utara,Gambir,Jakarta Pusat,DAERAH KHUSUS IBUKOTA JAKARTA,Tuesday
1070946,Parkir Liar,-6.188181,106.856583,Johar Baru,Johar Baru,Jakarta Pusat,DAERAH KHUSUS IBUKOTA JAKARTA,Wednesday
1071394,Parkir Liar,-6.171175,106.809555,Cideng,Gambir,Jakarta Pusat,DAERAH KHUSUS IBUKOTA JAKARTA,Saturday
1071579,Parkir Liar,-6.186998,106.811325,Kampung Bali,Tanah Abang,Jakarta Pusat,DAERAH KHUSUS IBUKOTA JAKARTA,Saturday
1071905,Parkir Liar,-6.142841,106.840141,Gunung Sahari Utara,Sawah Besar,Jakarta Pusat,DAERAH KHUSUS IBUKOTA JAKARTA,Saturday
1071908,Parkir Liar,-6.19725,106.823677,Menteng,Menteng,Jakarta Pusat,DAERAH KHUSUS IBUKOTA JAKARTA,Saturday
1071916,Parkir Liar,-6.19751,106.824318,Menteng,Menteng,Jakarta Pusat,DAERAH KHUSUS IBUKOTA JAKARTA,Saturday
1072052,Parkir Liar,-6.170362,106.815521,Petojo Selatan,Gambir,Jakarta Pusat,DAERAH KHUSUS IBUKOTA JAKARTA,Saturday
1072092,Parkir Liar,-6.187264,106.825966,Gondangdia,Menteng,Jakarta Pusat,DAERAH KHUSUS IBUKOTA JAKARTA,Saturday
1072637,Parkir Liar,-6.217931,106.798164,Gelora,Tanah Abang,Jakarta Pusat,DAERAH KHUSUS IBUKOTA JAKARTA,Tuesday
1073149,Parkir Liar,-6.157454,106.866493,Serdang,Kemayoran,Jakarta Pusat,DAERAH KHUSUS IBUKOTA JAKARTA,Sunday
1073151,Parkir Liar,-6.155051,106.861626,Serdang,Kemayoran,Jakarta Pusat,DAERAH KHUSUS IBUKOTA JAKARTA,Sunday
1073632,Parkir Liar,-6.155052,106.861794,Serdang,Kemayoran,Jakarta Pusat,DAERAH KHUSUS IBUKOTA JAKARTA,Tuesday
1073638,Parkir Liar,-6.171963,106.853004,Harapan Mulya,Kemayoran,Jakarta Pusat,DAERAH KHUSUS IBUKOTA JAKARTA,Tuesday
1073639,Parkir Liar,-6.171968,106.85379,Harapan Mulya,Kemayoran,Jakarta Pusat,DAERAH KHUSUS IBUKOTA JAKARTA,Tuesday
1073640,Parkir Liar,-6.173995,106.856293,Harapan Mulya,Kemayoran,Jakarta Pusat,DAERAH KHUSUS IBUKOTA JAKARTA,Tuesday
1073644,Parkir Liar,-6.172997,106.854294,Harapan Mulya,Kemayoran,Jakarta Pusat,DAERAH KHUSUS IBUKOTA JAKARTA,Tuesday
1074072,Parkir Liar,-6.182839,106.869072,Cempaka Putih Barat,Cempaka Putih,Jakarta Pusat,DAERAH KHUSUS IBUKOTA JAKARTA,Friday
1074160,Parkir Liar,-6.193786,106.82859,Gondangdia,Menteng,Jakarta Pusat,DAERAH KHUSUS IBUKOTA JAKARTA,Friday
1074246,Parkir Liar,-6.183035,106.829727,Kebon Sirih,Menteng,Jakarta Pusat,DAERAH KHUSUS IBUKOTA JAKARTA,Friday
1074370,Parkir Liar,-6.173819,106.856667,Harapan Mulya,Kemayoran,Jakarta Pusat,DAERAH KHUSUS IBUKOTA JAKARTA,Friday
1075841,Parkir Liar,-6.164624,106.813148,Petojo Utara,Gambir,Jakarta Pusat,DAERAH KHUSUS IBUKOTA JAKARTA,Monday
1077274,Parkir Liar,-6.173915,106.85434,Harapan Mulya,Kemayoran,Jakarta Pusat,DAERAH KHUSUS IBUKOTA JAKARTA,Wednesday
1077275,Parkir Liar,-6.173051,106.854309,Harapan Mulya,Kemayoran,Jakarta Pusat,DAERAH KHUSUS IBUKOTA JAKARTA,Wednesday
1077276,Parkir Liar,-6.172159,106.854301,Harapan Mulya,Kemayoran,Jakarta Pusat,DAERAH KHUSUS IBUKOTA JAKARTA,Wednesday
1077277,Parkir Liar,-6.171984,106.853912,Harapan Mulya,Kemayoran,Jakarta Pusat,DAERAH KHUSUS IBUKOTA JAKARTA,Wednesday
1077278,Parkir Liar,-6.171996,106.852615,Harapan Mulya,Kemayoran,Jakarta Pusat,DAERAH KHUSUS IBUKOTA JAKARTA,Wednesday
1077288,Parkir Liar,-6.155294,106.860085,Serdang,Kemayoran,Jakarta Pusat,DAERAH KHUSUS IBUKOTA JAKARTA,Wednesday
1077289,Parkir Liar,-6.155138,106.861015,Serdang,Kemayoran,Jakarta Pusat,DAERAH KHUSUS IBUKOTA JAKARTA,Wednesday
1077291,Parkir Liar,-6.155429,106.863106,Serdang,Kemayoran,Jakarta Pusat,DAERAH KHUSUS IBUKOTA JAKARTA,Wednesday
1077294,Parkir Liar,-6.155114,106.861229,Serdang,Kemayoran,Jakarta Pusat,DAERAH KHUSUS IBUKOTA JAKARTA,Wednesday
1077348,Parkir Liar,-6.163274,106.82402,Kebon Kelapa,Gambir,Jakarta Pusat,DAERAH KHUSUS IBUKOTA JAKARTA,Wednesday
1077441,Parkir Liar,-6.199763,106.840263,Menteng,Menteng,Jakarta Pusat,DAERAH KHUSUS IBUKOTA JAKARTA,Wednesday
1077447,Parkir Liar,-6.199749,106.828873,Menteng,Menteng,Jakarta Pusat,DAERAH KHUSUS IBUKOTA JAKARTA,Wednesday
1078254,Parkir Liar,-6.17429,106.856926,Galur,Johar Baru,Jakarta Pusat,DAERAH KHUSUS IBUKOTA JAKARTA,Friday
1079179,Parkir Liar,-6.125937,106.810989,Mangga Dua Selatan,Sawah Besar,Jakarta Pusat,DAERAH KHUSUS IBUKOTA JAKARTA,Sunday
1079224,Parkir Liar,-6.148901,106.832932,Kartini,Sawah Besar,Jakarta Pusat,DAERAH KHUSUS IBUKOTA JAKARTA,Sunday
1079462,Parkir Liar,-6.183736,106.823181,Kebon Sirih,Menteng,Jakarta Pusat,DAERAH KHUSUS IBUKOTA JAKARTA,Monday
1079625,Parkir Liar,-6.193058,106.861519,Rawasari,Cempaka Putih,Jakarta Pusat,DAERAH KHUSUS IBUKOTA JAKARTA,Monday
1080011,Parkir Liar,-6.156137,106.858002,Serdang,Kemayoran,Jakarta Pusat,DAERAH KHUSUS IBUKOTA JAKARTA,Tuesday
1080146,Parkir Liar,-6.197338,106.8564,Paseban,Senen,Jakarta Pusat,DAERAH KHUSUS IBUKOTA JAKARTA,Tuesday
1080492,Parkir Liar,-6.170608,106.871368,Cempaka Putih Timur,Cempaka Putih,Jakarta Pusat,DAERAH KHUSUS IBUKOTA JAKARTA,Wednesday
1080519,Parkir Liar,-6.192936,106.861595,Rawasari,Cempaka Putih,Jakarta Pusat,DAERAH KHUSUS IBUKOTA JAKARTA,Wednesday
1080570,Parkir Liar,-6.200724,106.847168,Pegangsaan,Menteng,Jakarta Pusat,DAERAH KHUSUS IBUKOTA JAKARTA,Wednesday
1080750,Parkir Liar,-6.183209,106.833336,Kebon Sirih,Menteng,Jakarta Pusat,DAERAH KHUSUS IBUKOTA JAKARTA,Wednesday
1080768,Parkir Liar,-6.169585,106.818138,Petojo Utara,Gambir,Jakarta Pusat,DAERAH KHUSUS IBUKOTA JAKARTA,Wednesday
1081198,Parkir Liar,-6.186902,106.866402,Rawasari,Cempaka Putih,Jakarta Pusat,DAERAH KHUSUS IBUKOTA JAKARTA,Thursday
1081577,Parkir Liar,-6.17554,106.859825,Cempaka Putih Barat,Cempaka Putih,Jakarta Pusat,DAERAH KHUSUS IBUKOTA JAKARTA,Friday
1081816,Parkir Liar,-6.173907,106.854309,Harapan Mulya,Kemayoran,Jakarta Pusat,DAERAH KHUSUS IBUKOTA JAKARTA,Friday
1082115,Parkir Liar,-6.176422,106.872002,Cempaka Putih Timur,Cempaka Putih,Jakarta Pusat,DAERAH KHUSUS IBUKOTA JAKARTA,Saturday
1082562,Parkir Liar,-6.162384,106.843201,Kemayoran,Kemayoran,Jakarta Pusat,DAERAH KHUSUS IBUKOTA JAKARTA,Saturday
1082564,Parkir Liar,-6.162286,106.84346,Kemayoran,Kemayoran,Jakarta Pusat,DAERAH KHUSUS IBUKOTA JAKARTA,Saturday
1083209,Parkir Liar,-6.16234,106.812347,Petojo Utara,Gambir,Jakarta Pusat,DAERAH KHUSUS IBUKOTA JAKARTA,Sunday
1083421,Parkir Liar,-6.176139,106.86132,Cempaka Putih Barat,Cempaka Putih,Jakarta Pusat,DAERAH KHUSUS IBUKOTA JAKARTA,Monday
1083433,Parkir Liar,-6.175579,106.859787,Cempaka Putih Barat,Cempaka Putih,Jakarta Pusat,DAERAH KHUSUS IBUKOTA JAKARTA,Monday
1083497,Parkir Liar,-6.163878,106.812767,Petojo Utara,Gambir,Jakarta Pusat,DAERAH KHUSUS IBUKOTA JAKARTA,Monday
1083529,Parkir Liar,-6.194839,106.822449,Menteng,Menteng,Jakarta Pusat,DAERAH KHUSUS IBUKOTA JAKARTA,Monday
1086234,Parkir Liar,-6.16227,106.812309,Petojo Utara,Gambir,Jakarta Pusat,DAERAH KHUSUS IBUKOTA JAKARTA,Sunday
1086642,Parkir Liar,-6.185477,106.815742,Kampung Bali,Tanah Abang,Jakarta Pusat,DAERAH KHUSUS IBUKOTA JAKARTA,Wednesday
1087194,Parkir Liar,-6.161889,106.844391,Kemayoran,Kemayoran,Jakarta Pusat,DAERAH KHUSUS IBUKOTA JAKARTA,Friday
1087558,Parkir Liar,-6.161404,106.846161,Kemayoran,Kemayoran,Jakarta Pusat,DAERAH KHUSUS IBUKOTA JAKARTA,Monday
1087927,Parkir Liar,-6.203574,106.801216,Petamburan,Tanah Abang,Jakarta Pusat,DAERAH KHUSUS IBUKOTA JAKARTA,Wednesday
1088278,Parkir Liar,-6.185331,106.832115,Kebon Sirih,Menteng,Jakarta Pusat,DAERAH KHUSUS IBUKOTA JAKARTA,Wednesday
1088300,Parkir Liar,-6.186988,106.856361,Johar Baru,Johar Baru,Jakarta Pusat,DAERAH KHUSUS IBUKOTA JAKARTA,Saturday
1088457,Parkir Liar,-6.175581,106.859795,Cempaka Putih Barat,Cempaka Putih,Jakarta Pusat,DAERAH KHUSUS IBUKOTA JAKARTA,Saturday
1088459,Parkir Liar,-6.175733,106.859726,Cempaka Putih Barat,Cempaka Putih,Jakarta Pusat,DAERAH KHUSUS IBUKOTA JAKARTA,Saturday
1088462,Parkir Liar,-6.170215,106.87027,Cempaka Putih Timur,Cempaka Putih,Jakarta Pusat,DAERAH KHUSUS IBUKOTA JAKARTA,Saturday
1088826,Parkir Liar,-6.169923,106.839134,Pasar Baru,Sawah Besar,Jakarta Pusat,DAERAH KHUSUS IBUKOTA JAKARTA,Tuesday
1090170,Parkir Liar,-6.186308,106.829224,Kebon Sirih,Menteng,Jakarta Pusat,DAERAH KHUSUS IBUKOTA JAKARTA,Tuesday
1090265,Parkir Liar,-6.209439,106.812057,Bendungan Hilir,Tanah Abang,Jakarta Pusat,DAERAH KHUSUS IBUKOTA JAKARTA,Tuesday
1090493,Parkir Liar,-6.169972,106.870667,Cempaka Putih Timur,Cempaka Putih,Jakarta Pusat,DAERAH KHUSUS IBUKOTA JAKARTA,Wednesday
1090621,Parkir Liar,-6.171995,106.852478,Harapan Mulya,Kemayoran,Jakarta Pusat,DAERAH KHUSUS IBUKOTA JAKARTA,Wednesday
1090623,Parkir Liar,-6.171981,106.853058,Harapan Mulya,Kemayoran,Jakarta Pusat,DAERAH KHUSUS IBUKOTA JAKARTA,Wednesday
1090625,Parkir Liar,-6.173636,106.854279,Harapan Mulya,Kemayoran,Jakarta Pusat,DAERAH KHUSUS IBUKOTA JAKARTA,Wednesday
1090890,Parkir Liar,-6.178416,106.844635,Kramat,Senen,Jakarta Pusat,DAERAH KHUSUS IBUKOTA JAKARTA,Thursday
1092761,Parkir Liar,-6.171198,106.809753,Cideng,Gambir,Jakarta Pusat,DAERAH KHUSUS IBUKOTA JAKARTA,Monday
1092764,Parkir Liar,-6.171464,106.80925,Cideng,Gambir,Jakarta Pusat,DAERAH KHUSUS IBUKOTA JAKARTA,Monday
1093044,Parkir Liar,-6.170831,106.81266,Petojo Utara,Gambir,Jakarta Pusat,DAERAH KHUSUS IBUKOTA JAKARTA,Tuesday
1093153,Parkir Liar,-6.173737,106.857521,Harapan Mulya,Kemayoran,Jakarta Pusat,DAERAH KHUSUS IBUKOTA JAKARTA,Tuesday
1093927,Parkir Liar,-6.163985,106.820511,Kebon Kelapa,Gambir,Jakarta Pusat,DAERAH KHUSUS IBUKOTA JAKARTA,Thursday
1094182,Parkir Liar,-6.169214,106.80825,Cideng,Gambir,Jakarta Pusat,DAERAH KHUSUS IBUKOTA JAKARTA,Friday
1094871,Parkir Liar,-6.183611,106.8125,Kampung Bali,Tanah Abang,Jakarta Pusat,DAERAH KHUSUS IBUKOTA JAKARTA,Sunday
1095738,Parkir Liar,-6.203988,106.849281,Pegangsaan,Menteng,Jakarta Pusat,DAERAH KHUSUS IBUKOTA JAKARTA,Wednesday
1095787,Parkir Liar,-6.199903,106.842033,Menteng,Menteng,Jakarta Pusat,DAERAH KHUSUS IBUKOTA JAKARTA,Wednesday
1098145,Parkir Liar,-6.161139,106.809853,Duri Pulo,Gambir,Jakarta Pusat,DAERAH KHUSUS IBUKOTA JAKARTA,Sunday
1100624,Parkir Liar,-6.186362,106.830528,Kebon Sirih,Menteng,Jakarta Pusat,DAERAH KHUSUS IBUKOTA JAKARTA,Monday
1101522,Parkir Liar,-6.165012,106.808182,Duri Pulo,Gambir,Jakarta Pusat,DAERAH KHUSUS IBUKOTA JAKARTA,Saturday
1102337,Parkir Liar,-6.195336,106.843155,Cikini,Menteng,Jakarta Pusat,DAERAH KHUSUS IBUKOTA JAKARTA,Monday
1103153,Parkir Liar,-6.154882,106.836472,Gunung Sahari Utara,Sawah Besar,Jakarta Pusat,DAERAH KHUSUS IBUKOTA JAKARTA,Wednesday
1103231,Parkir Liar,-6.183299,106.825867,Kebon Sirih,Menteng,Jakarta Pusat,DAERAH KHUSUS IBUKOTA JAKARTA,Wednesday
1103444,Parkir Liar,-6.159034,106.869598,Sumur Batu,Kemayoran,Jakarta Pusat,DAERAH KHUSUS IBUKOTA JAKARTA,Thursday
1103782,Parkir Liar,-6.17197,106.872452,Cempaka Putih Timur,Cempaka Putih,Jakarta Pusat,DAERAH KHUSUS IBUKOTA JAKARTA,Friday
1104646,Parkir Liar,-6.198596,106.854156,Paseban,Senen,Jakarta Pusat,DAERAH KHUSUS IBUKOTA JAKARTA,Monday
1105329,Parkir Liar,-6.202561,106.824539,Menteng,Menteng,Jakarta Pusat,DAERAH KHUSUS IBUKOTA JAKARTA,Wednesday
1105827,Parkir Liar,-6.174271,106.849602,Bungur,Senen,Jakarta Pusat,DAERAH KHUSUS IBUKOTA JAKARTA,Thursday
1105946,Parkir Liar,-6.167378,106.814003,Petojo Utara,Gambir,Jakarta Pusat,DAERAH KHUSUS IBUKOTA JAKARTA,Thursday
1105950,Parkir Liar,-6.1671,106.813736,Petojo Utara,Gambir,Jakarta Pusat,DAERAH KHUSUS IBUKOTA JAKARTA,Thursday
1105966,Parkir Liar,-6.177789,106.831161,Gambir,Gambir,Jakarta Pusat,DAERAH KHUSUS IBUKOTA JAKARTA,Thursday
1106255,Parkir Liar,-6.188648,106.846046,Kenari,Senen,Jakarta Pusat,DAERAH KHUSUS IBUKOTA JAKARTA,Friday
1106944,Parkir Liar,-6.169178,106.877136,Cempaka Putih Timur,Cempaka Putih,Jakarta Pusat,DAERAH KHUSUS IBUKOTA JAKARTA,Sunday
1107521,Parkir Liar,-6.14826,106.837494,Gunung Sahari Utara,Sawah Besar,Jakarta Pusat,DAERAH KHUSUS IBUKOTA JAKARTA,Tuesday
1055779,Pelanggaran,-6.174,106.83036,Gambir,Gambir,Jakarta Pusat,DAERAH KHUSUS IBUKOTA JAKARTA,Thursday
1071027,Pelanggaran,-6.205341,106.821884,Karet Tengsin,Tanah Abang,Jakarta Pusat,DAERAH KHUSUS IBUKOTA JAKARTA,Wednesday
1080557,Pelanggaran,-6.168253,106.841248,Gunung Sahari Selatan,Kemayoran,Jakarta Pusat,DAERAH KHUSUS IBUKOTA JAKARTA,Wednesday
1087535,Pelanggaran,-6.163094,106.840752,Kemayoran,Kemayoran,Jakarta Pusat,DAERAH KHUSUS IBUKOTA JAKARTA,Wednesday
1089516,Pelanggaran,-6.166669,106.875938,Cempaka Putih Timur,Cempaka Putih,Jakarta Pusat,DAERAH KHUSUS IBUKOTA JAKARTA,Sunday
1089518,Pelanggaran,-6.166289,106.876991,Sumur Batu,Kemayoran,Jakarta Pusat,DAERAH KHUSUS IBUKOTA JAKARTA,Sunday
1090230,Pelanggaran,-6.195765,106.814362,Kebon Melati,Tanah Abang,Jakarta Pusat,DAERAH KHUSUS IBUKOTA JAKARTA,Tuesday
1103025,Pelanggaran,-6.185311,106.81076,Kampung Bali,Tanah Abang,Jakarta Pusat,DAERAH KHUSUS IBUKOTA JAKARTA,Wednesday
1104126,Pelanggaran,-6.215053,106.819534,Bendungan Hilir,Tanah Abang,Jakarta Pusat,DAERAH KHUSUS IBUKOTA JAKARTA,Saturday
9.61E+17,Pelanggaran,-6.17214249,106.8637155,,,,,Sunday
9.61E+17,Pelanggaran,-6.17412649,106.855068,,,,,Monday
9.61E+17,Pelanggaran,-6.17538514,106.8458219,,,,,Tuesday
9.59E+17,Pelanggaran,-6.17746368,106.8438599,,,,,Wednesday
9.59E+17,Pelanggaran,-6.18113296,106.8377166,,,,,Thursday
9.58E+17,Pelanggaran,-6.16968472,106.8672462,,,,,Friday
9.57E+17,Pelanggaran,-6.16708828,106.8754289,,,,,Saturday
9.57E+17,Pelanggaran,-6.19765438,106.814577,,,,,Sunday
9.56E+17,Pelanggaran,-6.20200614,106.8160361,,,,,Monday
9.56E+17,Pelanggaran,-6.1914623,106.8146292,,,,,Tuesday
9.54E+17,Pelanggaran,-6.20676978,106.8172154,,,,,Wednesday
9.54E+17,Pelanggaran,-6.20604577,106.8165287,,,,,Thursday
9.53E+17,Pelanggaran,-6.1983175,106.8163698,,,,,Friday
9.53E+17,Pelanggaran,-6.20290151,106.8162283,,,,,Saturday
9.52E+17,Pelanggaran,-6.21830884,106.8196986,,,,,Sunday
9.52E+17,Pelanggaran,-6.21689531,106.8187319,,,,,Monday
9.51E+17,Pelanggaran,-6.15266783,106.8435322,,,,,Tuesday
9.51E+17,Pelanggaran,-6.14985798,106.8403945,,,,,Wednesday
9.49E+17,Pelanggaran,-6.1480381,106.8370676,,,,,Thursday
9.48E+17,Pelanggaran,-6.14664171,106.8357694,,,,,Friday
9.48E+17,Pelanggaran,-6.15133285,106.8425295,,,,,Saturday
9.47E+17,Pelanggaran,-6.15606855,106.8490967,,,,,Sunday
9.44E+17,Pelanggaran,-6.15679391,106.8469402,,,,,Monday
9.44E+17,Pelanggaran,-6.15768993,106.8413745,,,,,Tuesday
9.44E+17,Pelanggaran,-6.15788118,106.8406779,,,,,Wednesday
9.44E+17,Pelanggaran,-6.15995467,106.83633,,,,,Thursday
9.44E+17,Pelanggaran,-6.16222822,106.8306871,,,,,Friday
9.43E+17,Pelanggaran,-6.16030257,106.8342171,,,,,Saturday
9.41E+17,Pelanggaran,-6.15725827,106.8427328,,,,,Sunday
9.40E+17,Pelanggaran,-6.15881155,106.839191,,,,,Monday
9.39E+17,Pelanggaran,-6.15716115,106.8368521,,,,,Tuesday
9.34E+17,Pelanggaran,-6.16194215,106.8380967,,,,,Wednesday
9.33E+17,Pelanggaran,-6.16339162,106.8378299,,,,,Thursday
9.33E+17,Pelanggaran,-6.15846998,106.8366163,,,,,Friday
9.32E+17,Pelanggaran,-6.15670993,106.8369918,,,,,Saturday
9.31E+17,Pelanggaran,-6.17639982,106.8666441,,,,,Sunday
9.31E+17,Pelanggaran,-6.17614382,106.8646378,,,,,Monday
9.30E+17,Pelanggaran,-6.17625049,106.8601639,,,,,Tuesday
9.30E+17,Pelanggaran,-6.17627182,106.8630392,,,,,Wednesday
9.29E+17,Pelanggaran,-6.17646067,106.8739718,,,,,Thursday
9.29E+17,Pelanggaran,-6.17634333,106.8719548,,,,,Friday
9.29E+17,Pelanggaran,-6.17687666,106.8750125,,,,,Saturday
9.29E+17,Pelanggaran,-6.15901546,106.8699492,,,,,Sunday
9.29E+17,Pelanggaran,-6.15616612,106.8648959,,,,,Monday
9.28E+17,Pelanggaran,-6.16036654,106.8724511,,,,,Tuesday
9.28E+17,Pelanggaran,-6.16304392,106.8766461,,,,,Wednesday
9.28E+17,Pelanggaran,-6.16341726,106.8791888,,,,,Thursday
9.28E+17,Pelanggaran,-6.16331059,106.8760345,,,,,Friday
9.28E+17,Pelanggaran,-6.15459442,106.8614128,,,,,Saturday
9.28E+17,Pelanggaran,-6.2021638,106.8234845,,,,,Sunday
9.26E+17,Pelanggaran,-6.20246245,106.8244501,,,,,Monday
9.25E+17,Pelanggaran,-6.2026971,106.8254586,,,,,Tuesday
9.25E+17,Pelanggaran,-6.20301708,106.8269714,,,,,Wednesday
9.23E+17,Pelanggaran,-6.20009459,106.8303437,,,,,Thursday
9.23E+17,Pelanggaran,-6.20284643,106.8254728,,,,,Friday
9.23E+17,Pelanggaran,-6.20349706,106.8291206,,,,,Saturday
9.22E+17,Pelanggaran,-6.20126311,106.8235202,,,,,Sunday
9.21E+17,Pelanggaran,-6.20138044,106.8232841,,,,,Monday
9.21E+17,Pelanggaran,-6.16530298,106.812231,,,,,Tuesday
9.21E+17,Pelanggaran,-6.16574031,106.802575,,,,,Wednesday
9.21E+17,Pelanggaran,-6.16642299,106.8044847,,,,,Thursday
9.19E+17,Pelanggaran,-6.1647163,106.8180128,,,,,Friday
9.17E+17,Pelanggaran,-6.16546298,106.8165751,,,,,Saturday
9.16E+17,Pelanggaran,-6.16593232,106.810205,,,,,Sunday
9.15E+17,Pelanggaran,-6.17124434,106.8120074,,,,,Monday
